一,いち|ひと|かず|いつ|,One
二,に|ふた|,Two
九,く|きゅう|ここの|,Nine
七,しち|なな|なの|,Seven
人,にん|じん|ひと|と|,Person
入,にゅう|はい|い|,Enter
八,はち|や|よう|,Eight
力,りょく|りき|ちから|,Power|Strength
十,じゅう|とお|,Ten
三,さん|み|,Three
上,じょう|うえ|あ|のぼ|うわ|かみ|,Above|Up|Over
下,か|げ|した|さ|くだ|お|,Below|Down|Under|Beneath
口,こう|く|くち|,Mouth
大,たい|だい|おお|ひろ|,Big|Large
女,じょ|おんな|め|,Woman
山,さん|やま|,Mountain
川,せん|かわ|,River
工,こう|く|,Construction|Industry
刀,とう|かたな|,Sword|Katana
土,ど|と|つち|,Dirt|Soil|Earth|Ground
千,せん|ち|,Thousand
夕,せき|ゆう|,Evening
子,し|す|こ|,Child|Kid
小,しょう|ちい|こ|お|,Small|Little
丁,ちょう|てい|,Street
了,りょう|,Finish|Complete|End
又,また|,Again
丸,がん|まる|,Circle|Circular|Round
才,さい|,Genius
中,ちゅう|なか|,Middle|In|Inside|Center
五,ご|いつ|,Five
六,ろく|む|,Six
円,えん|まる|,Yen|Round|Circle
天,てん|あま|,Heaven
手,しゅ|て|ず|,Hand
文,ぶん|もん|,Writing|Sentence
日,にち|じつ|ひ|か|び|,Sun|Day
月,げつ|がつ|つき|,Moon|Month
木,もく|き|こ|ぼく|,Tree|Wood
水,すい|みず|,Water
火,か|ひ|ほ|,Fire
犬,けん|いぬ|,Dog
王,おう|,King
出,しゅつ|で|だ|,Exit
右,ゆう|う|みぎ|,Right
四,し|よん|よ|,Four
左,さ|ひだり|,Left
本,ほん|もと|,Book|Origin|Real|Main
正,せい|しょう|ただ|まさ|,Correct
玉,ぎょく|たま|,Ball
田,でん|た|,Rice Paddy|Rice Field|Field
白,はく|しろ|しら|,White
目,もく|め|,Eye
石,せき|いし|,Stone
立,りつ|りゅう|た|,Stand
万,まん|ばん|,Ten Thousand
久,きゅう|く|ひさ|,Long Time
今,こん|いま|,Now
元,げん|がん|もと|,Origin
公,こう|,Public
内,ない|うち|,Inside|Within
分,ぶん|ふん|ぶ|わ|,Part|Minute|Separate|Understand
切,せつ|き|,Cut
午,ご|,Noon
友,ゆう|とも|,Friend
太,たい|た|ふと|おお|,Fat
少,しょう|すこ|,Few|A Little
引,いん|ひ|,Pull
心,しん|こころ|,Heart
戸,こ|と|,Door
方,ほう|かた|,Direction|Way
牛,ぎゅう|うし|,Cow
父,ふ|ちち|,Father|Dad
毛,もう|け|,Fur|Hair
止,し|と|や|,Stop
兄,きょう|あに|,Older Brother|Big Brother|Elder Brother
冬,とう|ふゆ|,Winter
北,ほく|きた|,North
半,はん|なか|,Half
古,こ|ふる|,Old
台,だい|たい|,Machine
外,がい|そと|はず|,Outside
市,し|いち|,City
広,こう|ひろ|,Wide
母,ぼ|はは|,Mother|Mom|Mum
用,よう|もち|,Task|Use
矢,し|や|,Arrow
世,せ|せい|よ|,World|Generation
主,しゅ|おも|ぬし|,Master|Main
他,た|ほか|,Other
代,だい|か|かわ|しろ|,Substitute|Replace|Period|Age
写,しゃ|うつ|,Copy
去,きょ|こ|さ|,Past
号,ごう|,Number
央,おう|,Center|Centre
平,へい|ひょう|びょう|たいら|ひら|,Flat|Peace
打,だ|う|ぶ|,Hit
氷,ひょう|こおり|,Ice
申,しん|もう|,Say Humbly|Say|Humbly Say
皮,ひ|かわ|,Skin
皿,さら|,Plate|Dish
礼,れい|,Thanks
休,きゅう|やす|,Rest
先,せん|さき|まず|,Previous|Ahead|Past|Former
名,めい|みょう|な|,Name|Famous
字,じ|,Letter|Character|Symbol
年,ねん|とし|,Year
早,そう|はや|さ|,Early|Fast|Quick
気,き|け|いき|,Energy|Spirit
百,ひゃく|もも|,Hundred
竹,たけ|,Bamboo
糸,し|いと|,Thread
耳,じ|みみ|,Ear|Ears
虫,ちゅう|き|むし|,Insect|Bug
村,そん|むら|,Village
男,だん|おとこ|なん|,Man
町,ちょう|まち|,Town
花,か|け|はな|,Flower
見,けん|み|,See
貝,かい|,Shellfish|Shell
赤,せき|あか|,Red
足,そく|あし|た|,Foot|Leg|Sufficient
車,しゃ|くるま|,Car
不,ふ|,Not
仕,し|つか|,Doing|Do
交,こう|まじ|ま|か|,Mix|Mingle
会,かい|あ|,Meet
光,こう|ひかり|ひか|,Sunlight|Light
同,どう|おな|,Same
回,かい|まわ|,Times|Revolve
多,た|おお|,Many|Much|Lots Of
当,とう|あ|,Correct|Right|Success
毎,まい|ごと|,Every
池,ち|いけ|,Pond
米,べい|まい|こめ|,Rice|America
羽,う|はね|は|わ|,Feather|Feathers|Wing|Wings
考,こう|かんが|,Think|Consider
肉,にく|,Meat
自,じ|し|,Self
色,しき|しょく|いろ|,Color
行,こう|ぎょう|い|おこな|ゆ|,Go
西,せい|さい|にし|,West
何,か|なに|なん|,What
体,たい|からだ|,Body
作,さく|さ|つく|,Make
図,ず|と|え|はか|,Diagram
声,せい|こえ|,Voice
売,ばい|う|,Sell
弟,だい|で|てい|おとうと|,Younger Brother|Little Brother
形,けい|ぎょう|かた|かたち|,Shape|Form|Appearance
来,らい|く|,Come|Next
社,しゃ|やしろ|,Company
角,かく|かど|つの|,Angle|Corner
言,げん|ごん|い|こと|,Say
谷,こく|たに|せ|,Valley
走,そう|はし|,Run
近,きん|こん|ちか|,Near|Close
里,り|さと|,Home Village|Home Town
麦,ばく|むぎ|,Wheat
学,がく|まな|,Study|Learn|Learning
林,りん|はやし|,Forest|Woods
空,くう|そら|あ|から|す|,Sky
金,きん|かね|,Gold
雨,う|あめ|あま|,Rain
青,せい|しょう|あお|,Blue
草,そう|くさ|,Grass|Weed
音,おん|おと|ね|,Sound
化,か|ば|,Change
地,ち|じ|,Earth|Ground
両,りょう|,Both
全,ぜん|すべ|まった|,All|Whole
向,こう|む|なた|,Yonder|Facing
安,あん|やす|,Relax|Cheap
州,しゅう|,State|Province|County
曲,きょく|ま|,Music|Bend
有,ゆう|う|あ|,Have
次,じ|つぎ|,Next
死,し|し|,Death
羊,よう|ひつじ|,Sheep
血,けつ|ち|,Blood
京,きょう|みやこ|,Capital
国,こく|くに|,Country
夜,や|よ|よる|,Night|Evening
妹,まい|いもうと|,Younger Sister|Little Sister
姉,し|お|あね|ねえ|,Older Sister|Big Sister|Elder Sister
店,てん|みせ|,Shop|Store
明,めい|あ|あか|あき|,Bright
東,とう|ひがし|,East
歩,ほ|ある|あゆ|,Walk
画,が|かく|,Drawing|Picture|Painting
直,ちょく|じき|なお|,Fix|Direct
知,ち|し|,Know
長,ちょう|なが|は|,Long|Leader
前,ぜん|まえ|,Front|Before
南,なん|みなみ|,South
室,しつ|,Room
後,ご|こう|うし|あと|のち|,Behind|After|Back|Rear
思,し|おも|,Think|Thought
星,せい|ほし|,Star
活,かつ|い|,Lively
海,かい|うみ|,Sea|Ocean
点,てん|つ|,Point|Decimal|Decimal Point
科,か|,Course|Science|Department
茶,ちゃ|さ|,Tea
食,しょく|た|く|,Eat|Meal
首,しゅ|くび|,Neck
欠,けつ|か|,Lack
氏,し|うじ|,Family Name|Last Name|Surname
由,ゆう|よし|よ|,Reason
札,さつ|ふだ|,Bill|Tag|Label|Note
民,みん|たみ|,Peoples|People|Nation
辺,へん|あた|べ|,Area
付,ふ|つ|,Attach
以,い|,From|Since|Compared With|With|By Means Of
失,しつ|うしな|,Fault
必,ひつ|かなら|,Certain
未,み|ま|いま|ひつじ|,Not Yet
末,まつ|すえ|,End
校,こう|,School
夏,げ|か|が|なつ|,Summer
家,か|け|いえ|や|うち|,House|Home
弱,じゃく|よわ|,Weak
時,じ|とき|,Time|O'clock|Hour
紙,し|かみ|,Paper
記,き|しる|,Write Down|Record
通,つう|とお|かよ|,Pass Through
高,こう|たか|,Tall|Expensive|High
強,きょう|つよ|,Strong|Strength
教,きょう|おし|おそ|,Teach
理,り|ことわり|,Reason
組,そ|くみ|,Group|Association|Team
船,せん|ふね|,Boat|Ship
週,しゅう|,Week
雪,せつ|ゆき|,Snow
魚,ぎょ|さかな|,Fish
鳥,ちょう|とり|,Bird
黄,おう|き|,Yellow
黒,こく|くろ|,Black
支,し|ささ|,Support|Branch
住,じゅう|す|,Dwelling|Reside|Dwell
助,じょ|たす|すけ|,Help
医,い|,Medicine
君,くん|きみ|,Buddy
対,たい|,Versus|Opposite
局,きょく|,Bureau|Department
役,やく|,Service|Duty
投,とう|な|,Throw
決,けつ|き|,Decide|Decision
究,きゅう|きわ|,Research
身,しん|み|,Somebody|Someone|Body
者,しゃ|もの|,Someone|Somebody
研,けん|と|,Sharpen
馬,ば|うま|,Horse
森,しん|もり|,Forest|Woods
場,じょう|ば|,Location|Place
朝,ちょう|あさ|,Morning
番,ばん|,Number In A Series|Turn|Ordinal Number
答,とう|こた|,Answer|Response|Reply
絵,え|,Drawing|Painting
買,ばい|か|,Buy
道,どう|みち|,Road|Street|Path|Way
間,かん|けん|あいだ|ま|,Interval|Interval Of Time|Time Interval
雲,うん|くも|,Cloud
数,すう|かぞ|かず|,Count|Number|Amount
楽,らく|がく|たの|,Comfort|Ease|Pleasure
話,わ|はな|はなし|,Talk|Speak
電,でん|,Electricity
所,しょ|ところ|,Place
事,じ|こと|つか|,Action|Matter|Thing
使,し|つか|,Use
具,ぐ|,Tool
受,じゅ|う|,Accept|Receive
和,わ|お|なご|やわ|かず|より|,Peace|Japanese Style
始,し|はじ|,Begin|Start
定,てい|じょう|さだ|,Determine
実,じつ|み|,Truth|Reality
服,ふく|,Clothes|Clothing
泳,えい|およ|,Swim
物,ぶつ|もつ|もの|,Thing
苦,く|くる|にが|,Suffering
表,ひょう|あらわ|おもて|,Express
部,ぶ|へ|,Part|Department|Club
乗,じょう|の|,Ride
客,きゃく|,Guest|Customer
屋,おく|や|,Roof|Shop|Store
度,ど|たく|たび|,Degrees|Occurrence
待,たい|ま|,Wait
持,じ|も|,Hold
界,かい|,World
発,はつ|,Departure
相,そう|しょう|あい|,Mutual
県,けん|,Prefecture
美,び|み|うつく|,Beauty|Beautiful
負,ふ|ま|お|,Lose
送,そう|おく|,Send
重,じゅう|ちょう|おも|かさ|え|,Heavy
談,だん|,Discuss
要,よう|い|かなめ|,Need
勝,しょう|か|,Win
仮,か|かり|,Temporary
起,き|お|,Wake Up
速,そく|はや|,Fast
配,はい|くば|,Distribute
酒,しゅ|さけ|さか|,Alcohol
院,いん|,Institution
終,しゅう|おわ|お|,End|Finish
習,しゅう|なら|,Learn
転,てん|ころ|,Revolve
進,しん|すす|,Advance
落,らく|お|,Fall
葉,よう|は|ば|,Leaf|Leaves
軽,けい|かる|かろ|,Lightweight|Light|Light Weight
運,うん|はこ|,Carry|Luck
開,かい|あ|ひら|,Open
集,しゅう|あつ|,Collect|Gather
飲,いん|の|,Drink
業,ぎょう|,Business
漢,かん|,Chinese|China
路,ろ|じ|みち|,Road
農,のう|,Farming|Agriculture
鉄,てつ|,Iron
歌,か|うた|,Song|Sing
算,さん|そろ|,Calculate|Calculation
聞,ぶん|もん|き|,Hear
語,ご|かた|,Language
読,とう|どく|よ|,Read
鳴,めい|な|,Chirp
線,せん|,Line
横,おう|よこ|,Side|Horizontal
調,ちょう|しら|,Investigate|Tone
親,しん|おや|した|,Parent
頭,ず|とう|あたま|,Head
顔,がん|かお|,Face
病,びょう|や|やまい|,Sick|Sickness|Ill|Illness
最,さい|もっと|,Most
争,そう|あらそ|,Conflict
仲,ちゅう|なか|,Relationship
伝,でん|つた|つて|,Transmit|Tell
共,きょう|とも|,Together
好,こう|す|この|,Like
成,せい|な|,Become
老,ろう|,Elderly
位,い|くらい|,Rank
低,てい|ひく|,Low
初,しょ|はじ|はつ|そ|ぞ|,First
別,べつ|わか|,Separate
利,り|き|,Profit|Benefit|Advantage
努,ど|つと|,Toil
労,ろう|いたわ|,Labor
命,めい|みょう|いのち|,Fate
岸,がん|きし|,Coast|Shore
放,ほう|はな|ほう|,Release
昔,むかし|,Long Ago|Long Time Ago
波,は|なみ|,Wave
注,ちゅう|そそ|さ|つ|,Pour
育,いく|そだ|はぐく|,Nurture|Raise
拾,ひろ|,Pick Up
指,し|ゆび|さ|,Finger
洋,よう|,Western Style|Ocean
神,しん|かみ|,God
秒,びょう|,Second
級,きゅう|,Level|Grade|Rank
追,つい|お|,Follow|Chase
戦,せん|たたか|,War|Battle
競,きょう|きそ|,Compete
良,りょう|よ|い|,Good
功,こう|,Achievement|Accomplishment
特,とく|,Special
便,べん|びん|たよ|,Convenience|Convenient
働,どう|はたら|,Work|Labor
令,れい|,Orders
意,い|,Idea
味,み|あじ|,Flavor|Taste
勉,べん|,Exertion
庭,てい|にわ|,Garden
息,そく|いき|,Breath
旅,りょ|たび|,Trip|Travel
根,こん|ね|,Root
流,りゅう|る|なが|,Stream
消,しょう|き|け|,Extinguish
倍,ばい|,Double|Times|Multiply
員,いん|,Member
島,とう|しま|,Island
祭,さい|まつり|まつ|,Festival
章,しょう|,Chapter
第,だい|,Ordinal Number Prefix|Ordinal Prefix|Number
都,と|つ|みやこ|,Metropolis
動,どう|うご|,Move
商,しょう|あきな|,Merchandise
悪,あく|お|わる|,Bad|Evil
族,ぞく|,Tribe|Family
深,しん|ふか|,Deep
球,きゅう|たま|,Sphere|Ball
童,どう|,Juvenile
陽,よう|ひ|はる|,Sunshine|Sunlight
階,かい|,Floor|Story|Storey
寒,かん|さむ|,Cold
悲,ひ|かな|,Sad
暑,しょ|あつ|,Hot|Hot Weather
期,き|,Period Of Time|Time Period
植,しょく|う|,Plant
歯,し|は|,Tooth|Teeth
温,おん|あたた|,Warm
港,こう|みなと|,Harbor|Port|Harbour
湯,とう|ゆ|,Hot Water
登,とう|と|のぼ|,Climb
着,ちゃく|き|つ|,Wear|Arrive
短,たん|みじか|,Short
野,や|の|,Field
泉,せん|いずみ|,Spring|Fountain
生,せい|しょう|い|なま|う|は|き|,Life
亡,ぼう|な|,Death|Deceased
合,ごう|がっ|あ|あい|,Suit|Fit|Join
風,ふう|ふ|かぜ|,Wind|Style
予,よ|あらかじ|,Beforehand
反,はん|,Anti
々,のま|,Repeater|Repetition|Reduplication|Iteration Mark
新,しん|あたら|あら|にい|,New
返,へん|かえ|,Return
問,もん|と|とん|,Problem
宿,しゅく|やど|,Lodge
想,そう|,Concept
感,かん|,Feeling
整,せい|ととの|,Arrange|Organize
暗,あん|くら|くれ|,Dark
様,よう|さま|,Formal Name Title|Formal Name Ender|Manner
橋,きょう|はし|,Bridge
福,ふく|,Luck|Fortune
緑,りょく|みどり|,Green
練,れん|ね|,Practice
詩,し|うた|,Poem
銀,ぎん|,Silver
題,だい|,Topic
館,かん|,Public Building
駅,えき|,Station|Train Station
億,おく|,Hundred Million
器,き|うつわ|,Container|Vessel
士,し|さむらい|,Samurai
料,りょう|,Fee|Material
標,ひょう|しるし|,Signpost
殺,さつ|ころ|,Kill
然,ぜん|ねん|しか|さ|,Nature
熱,ねつ|あつ|,Heat|Fever
課,か|,Section
賞,しょう|,Prize
輪,りん|わ|,Wheel|Ring|Loop
選,せん|えら|,Choose
鏡,きょう|かがみ|,Mirror
願,がん|ねが|ねがい|,Request
養,よう|やしな|,Foster
像,ぞう|,Statue|Image
情,じょう|なさけ|,Feeling|Emotion
謝,しゃ|あやま|,Apologize|Apologise
映,えい|うつ|は|,Reflect|Reflection
疑,ぎ|うたが|,Doubt
皆,かい|みな|みんな|,All|Everyone|Everything|Everybody
例,れい|たと|,Example
卒,そつ|,Graduate
協,きょう|,Cooperation
参,さん|しん|まい|,Participate
周,しゅう|まわ|,Circumference
囲,い|かこ|,Surround
固,こ|かた|,Hard
季,き|,Seasons
完,かん|,Perfect
希,き|まれ|,Wish
念,ねん|,Thought
折,せつ|お|,Fold|Bend
望,ぼう|のぞ|,Hope
材,ざい|,Lumber|Material|Timber
束,そく|たば|,Bundle
松,しょう|まつ|,Pine|Pine Tree
残,ざん|のこ|,Remainder
求,きゅう|もと|,Request
的,てき|まと|,Target|Al|~Al|Like|~Like
約,やく|,Promise
芸,げい|,Acting|Art
基,き|もと|,Foundation
性,せい|しょう|,Gender|Nature|Sex
技,ぎ|わざ|,Skill
格,かく|,Status
能,のう|,Ability
術,じゅつ|,Art
私,し|わたし|,I|Private
骨,こつ|ほね|,Bone
妥,だ|,Gentle
雰,ふん|,Atmosphere
頑,がん|,Stubborn
寺,じ|てら|,Temple
岩,がん|いわ|,Boulder
帰,き|かえ|,Return|Return Home
春,しゅん|はる|,Spring
昼,ちゅう|ひる|,Noon
晴,せい|は|,Clear Up
秋,あき|,Autumn|Fall
計,けい|はか|,Measure|Measurement
列,れつ|,Row
区,く|,District|Ward
坂,はん|さか|,Slope
式,しき|,Ritual|Ceremony|Equation
信,しん|,Believe|Trust
勇,ゆう|いさ|,Courage|Bravery|Valor|Valour
単,たん|,Simple
司,し|つかさど|,Director
変,へん|か|,Change|Strange
夫,ふう|ふ|おっと|,Husband
建,けん|た|,Build|Construct
昨,さく|,Previous|Yesterday
毒,どく|,Poison
法,ほう|,Method|Law
泣,きゅう|な|,Cry
浅,せん|あさ|,Shallow
紀,き|,Account|Narrative
英,えい|,England|English
軍,ぐん|,Army
飯,はん|めし|,Meal|Food
仏,ぶつ|ほとけ|,Buddha
築,ちく|きず|,Construct|Build
晩,ばん|,Night|Evening
猫,ねこ|,Cat
園,えん|,Garden|Park
曜,よう|,Weekday|Day Of The Week
書,しょ|か|,Write|Writing
遠,えん|とお|,Far
門,もん|,Gates|Gate
係,けい|かか|かかり|,Connection
取,しゅ|と|,Take
品,ひん|しな|,Product|Article|Goods|Products
守,す|しゅ|まも|もり|,Protect
幸,こう|しあわ|さいわ|さち|,Happiness
急,きゅう|いそ|,Hurry
真,しん|ま|,Reality
箱,はこ|,Box
荷,か|に|,Luggage
面,めん|おも|おもて|,Face|Surface
典,てん|,Rule
喜,き|よろこ|,Rejoice|Delighted|Pleased
府,ふ|,Government
治,じ|ち|なお|,Cure|Heal|Reign|Rule
浴,よく|あ|,Bathe
笑,しょう|わら|え|,Laugh
辞,じ|や|,Quit|Word
関,かん|かか|せき|,Related|Connected
保,ほ|たも|,Preserve|Guarantee
弁,べん|,Dialect|Speech
政,せい|,Politics|Government
留,る|りゅう|と|,Detain
証,しょう|あかし|,Evidence|Proof
険,けん|けわ|,Risky|Steep
危,き|あぶ|あや|,Dangerous
存,そん|ぞん|,Exist|Suppose
専,せん|もっぱ|,Specialty
冒,ぼう|おか|,Dare
冗,じょう|,Superfluous|Unnecessary|Uselessness
阪,はん|さか|,Heights|Slope
原,げん|はら|,Original|Fundamental|Field
細,さい|ほそ|こま|,Thin
薬,やく|くすり|,Medicine|Drug|Drugs
鼻,び|はな|,Nose
側,そく|がわ|そば|,Side
兵,へい|ひょう|,Soldier
堂,どう|,Hall|Public Chamber
塩,えん|しお|,Salt
席,せき|,Seat
敗,はい|やぶ|,Failure|Fail
果,か|くだ|は|,Fruit
栄,えい|さか|,Prosper|Flourish
梅,ばい|うめ|,Ume|Japanese Plum
無,む|ぶ|な|,Nothing
結,けつ|むす|ゆ|,Bind|Tie
因,いん|よ|,Cause
常,じょう|つね|,Ordinary|Normal|Usual
識,しき|,Discerning|Discriminating|Know
非,ひ|,Injustice|Negative|Mistake
干,かん|ほ|ひ|,Dry
是,ぜ|,Absolutely
渉,しょう|わた|,Ford
虚,きょ|こ|むな|,Void
官,かん|,Government
察,さつ|,Guess
底,てい|そこ|,Bottom
愛,あい|まな|,Love
署,しょ|,Government Office|Political Office|Office
警,けい|,Warn|Admonish
恋,れん|こい|,Romance
覚,かく|おぼ|さ|,Memorize|Awake
説,せつ|と|,Theory
幻,げん|まぼろし|,Illusion
訓,くん|よ|,Instruction
試,し|こころ|ため|,Try|Attempt
弓,きゅう|ゆみ|,Bow
告,こく|つ|,Announce
種,しゅ|たね|ぐさ|,Kind|Type
達,たつ|たち|,Attain|Plural
類,るい|たぐ|,Type|Category|Kind
報,ほう|むく|,News|Report
祈,き|いの|,Pray
等,とう|ひと|など|,Equal
汽,き|,Steam
借,しゃく|か|,Borrow
焼,しょう|や|,Bake|Cook|Burn
座,ざ|すわ|,Sit|Seat
忘,ぼう|わす|,Forget
洗,せん|あら|,Wash
胸,きょう|むね|,Chest|Breast
脳,のう|,Brain
僧,そう|,Priest|Monk
禅,ぜん|,Zen|Zen Buddhism
験,けん|ため|ためし|,Test
可,か|,Possible|Passable
許,きょ|ゆる|,Permit|Allow
枚,まい|,Flat Objects Counter|Flat Object|Counter For Flat Objects
静,せい|しず|,Quiet
句,く|,Paragraph
禁,きん|,Prohibit|Prohibition
喫,きつ|の|,Consume
煙,えん|けむ|けむり|,Smoke
加,か|くわ|,Add
節,せつ|ふし|,Season
減,げん|へ|,Decrease
順,じゅん|,Order|Sequence
容,よう|,Form|Appearance|Shape|Figure
布,ふ|ぬの|,Cloth
易,い|えき|やさ|,Easy
財,さい|ざい|,Wealth
若,じゃく|わか|も|,Young
詞,し|,Part Of Speech|Speech Particle|Particle Of Speech|Grammar Particle
昆,こん|,Descendants
閥,ばつ|,Clique|Clan
歴,れき|へ|,Continuation
舌,ぜつ|した|,Tongue
冊,さつ|,Book Counter|Counter For Books|Counter For Volumes
宇,う|,Outer Space
宙,ちゅう|,Midair
忙,ぼう|いそが|,Busy
履,り|は|,Boots
団,だん|とん|,Group
暴,ぼう|あば|ばく|,Violence
混,こん|ま|,Mix
乱,らん|みだ|,Riot
徒,と|,Junior|Follower
得,とく|え|う|,Acquire
改,かい|あらた|,Renew
続,ぞく|つづ|,Continue
連,れん|つ|つら|,Take Along
善,ぜん|,Morally Good|Good
困,こん|こま|,Distressed|Troubled
絡,らく|から|,Entangle|Coil Around|Entwine
比,ひ|くら|,Compare
災,さい|わざわ|,Disaster
機,き|はた|,Machine
率,りつ|そつ|ひき|,Percent|Percentage
飛,ひ|と|,Fly
害,がい|,Damage|Injury|Harm
余,よ|あま|,Surplus|Excess
難,なん|むずか|,Difficult
妨,ぼう|さまた|,Obstruct|Impede
被,ひ|かぶ|,Incur
裕,ゆう|,Abundant|Plentiful
震,しん|ふる|,Earthquake|Quake|Shake
尻,しり|,Butt|Buttocks
尾,び|お|ぽ|,Tail
械,かい|かせ|,Contraption
確,かく|たし|,Certain
嫌,けん|いや|きら|げん|,Dislike
個,こ|,Individual
圧,あつ|,Pressure
在,ざい|,Exist
夢,む|ゆめ|,Dream
産,さん|う|,Give Birth|Birth
倒,とう|たお|,Overthrow|Collapse
臭,しゅう|くさ|,Stinking|Stinky|Smelly
厚,こう|あつ|,Thick
妻,さい|つま|,Wife
議,ぎ|,Deliberation|Discussion
犯,はん|おか|,Crime
罪,ざい|つみ|,Guilt
防,ぼう|ふせ|,Prevent|Prevention
穴,けつ|あな|,Hole|Cave
論,ろん|,Theory
経,けい|た|へ|,Passage of Time|Pass Through|Manage
笛,てき|ふえ|,Flute
史,し|,History
敵,てき|かな|かたき|,Enemy
済,さい|す|,Come To An End
委,い|,Committee
挙,きょ|あ|,Raise
判,はん|,Judge
制,せい|,Control|System
務,む|つと|,Task
査,さ|,Inspect|Investigate|Inspection|Investigation
総,そう|,Whole
設,せつ|もう|,Establish
資,し|,Resources
権,けん|,Rights
件,けん|,Matter|Affair
派,は|,Sect
岡,おか|,Hill
素,そ|す|,Element
断,だん|ことわ|た|,Cut Off
評,ひょう|,Evaluate
批,ひ|,Criticism
任,にん|まか|,Duty
検,けん|,Examine
審,しん|,Judge
条,じょう|,Clause
責,せき|せ|,Blame
省,しょう|せい|はぶ|,Conserve
増,ぞう|ふ|ま|,Increase
税,ぜい|,Tax
解,かい|と|,Untie|Solve
際,さい|きわ|,Occasion
認,にん|みと|,Recognize
企,き|くわだ|,Plan
義,ぎ|,Righteousness
罰,ばつ|ばっ|,Penalty|Punishment
誕,たん|,Birth
脱,だつ|ぬ|,Undress
過,か|す|あやま|,Surpass
坊,ぼう|,Monk
寝,しん|ね|,Lie Down|Lay Down|Sleep
宮,きゅう|みや|,Shinto Shrine|Shrine|Palace
各,かく|おの|,Each
案,あん|,Plan
置,ち|お|,Put
費,ひ|つい|,Expense|Cost
価,か|あたい|,Value
勢,せい|せ|いきお|,Force
営,えい|いとな|,Manage
示,じ|し|しめ|,Indicate|Show
統,とう|す|,Unite
領,りょう|,Territory
策,さく|,Plan
藤,とう|どう|ふじ|,Wisteria
副,ふく|,Vice|Side
観,かん|み|,View
値,ち|ね|あたい|,Value|Price
吸,きゅう|す|,Suck|Inhale
域,いき|,Region|Boundary
姿,し|すがた|,Figure|Shape|Form
応,おう|,Respond
提,てい|,Present|Submit
援,えん|,Aid|Assist
状,じょう|,Condition
態,たい|わざ|,Appearance
賀,が|,Congratulations
収,しゅう|おさ|,Obtain
停,てい|,Halt
革,かく|かわ|,Leather
職,しょく|,Employment
鬼,き|おに|,Demon
規,き|,Standard
護,ご|,Defend
割,かつ|わり|わ|,Divide
裁,さい|さば|た|,Judge
崎,き|さき|,Cape
演,えん|,Perform|Performance
律,りつ|,Law
師,し|,Teacher|Expert|Master
看,かん|,Watch Over
準,じゅん|,Standard
則,そく|のっと|,Rule
備,び|そな|,Provide|Equip
導,どう|みちび|,Lead
幹,かん|みき|,Tree Trunk
張,ちょう|は|,Stretch
優,ゆう|やさ|すぐ|,Superior|Gentle
宅,たく|,House|Home
沢,たく|さわ|,Swamp
贅,ぜい|いぼ|,Luxury
施,し|ほどこ|,Carry Out
現,げん|あらわ|,Present Time|Present
乳,にゅう|ちち|,Milk
呼,こ|よ|,Call
城,じょう|しろ|,Castle
俳,はい|,Haiku
秀,しゅう|ひい|,Excel
担,たん|にな|かつ|,Carry|Bear
額,がく|ひたい|,Amount|Framed Picture|Forehead
製,せい|,Manufacture
違,い|ちが|,Different
輸,ゆ|,Transport
燃,ねん|も|,Burn
祝,しゅく|しゅう|いわ|,Celebrate
届,とど|,Deliver
狭,きょう|せま|せば|,Narrow
肩,けん|かた|,Shoulder
腕,わん|うで|,Arm
腰,よう|こし|,Waist
触,しょく|さわ|ふ|,Touch
載,さい|の|,Publish
層,そう|,Layer
型,けい|かた|,Model|Type
庁,ちょう|,Agency|Government Office
視,し|み|,Look At
差,さ|さ|,Distinction
管,かん|くだ|,Pipe
象,ぞう|しょう|,Elephant|Phenomenon
量,りょう|はか|,Quantity|Amount
境,きょう|さかい|,Boundary
環,かん|,Loop
武,ぶ|む|たけ|,Military
質,しつ|しち|,Quality
述,じゅつ|の|,Mention
供,きょう|とも|そな|,Servant|Companion
展,てん|のぶ|のび|,Expand
販,はん|,Sell
株,しゅ|かぶ|,Stocks|Shares
限,げん|かぎ|,Limit
与,よ|あた|,Give
含,がん|ふく|,Include
影,えい|かげ|,Shadow
況,きょう|,Condition
渡,と|わた|,Transit
響,きょう|ひび|,Echo|Reverberation|Resound
票,ひょう|,Ballot
景,けい|,Scene
抜,ばつ|はつ|はい|ぬ|,Extract
訴,そ|うった|,Sue
訟,しょう|,Lawsuit
逮,たい|,Apprehend
補,ほ|おぎな|,Supplement
候,こう|,Climate|Weather|Candidate
構,こう|かま|,Set Up|Care
模,も|ぼ|,Imitation
捕,ほ|つか|とら|,Catch
鮮,せん|あざ|,Fresh
効,こう|き|,Effective
属,ぞく|,Belong
慣,かん|な|,Accustomed
豊,ほう|ゆた|,Plentiful
満,まん|み|,Full
肥,ひ|こ|こえ|,Obese
巻,かん|ま|,Scroll
捜,そう|さが|,Search
絞,こう|し|しぼ|,Strangle
輩,はい|,Comrade
隠,いん|かく|,Hide
掛,がい|か|,Hang
替,たい|か|,Replace|Exchange
居,きょ|い|,Alive
造,ぞう|つく|,Create
授,じゅ|さず|,Instruct
印,いん|しるし|,Seal|Mark
創,そう|,Create
復,ふく|,Restore
往,おう|,Depart
較,かく|こう|,Contrast|Compare
筆,ひつ|ふで|,Writing Brush
鉛,えん|なまり|,Lead
貯,ちょ|たくわ|,Savings
故,こ|ゆえ|,Circumstance|Reason
障,しょう|さわ|,Hinder
従,じゅう|したが|,Obey|Accompany|Follow
我,が|われ|,I|Me
激,げき|はげ|,Fierce|Violent
刺,し|さ|,Stab
励,れい|はげ|,Encourage
討,とう|,Chastise
郵,ゆう|,Mail
針,しん|はり|,Needle
徴,ちょう|,Indication|Sign
怪,かい|け|あや|,Suspicious
獣,じゅう|けもの|,Beast|Animal
突,とつ|つ|,Stab|Thrust
菓,か|,Cake
河,か|かわ|こう|こお|,River
振,しん|ふ|,Shake|Wave
汗,かん|あせ|,Sweat
豚,とん|ぶた|,Pork|Pig
再,さ|さい|ふたた|,Again
接,せつ|つ|,Adjoin
独,どく|ひと|,Alone
占,せん|うらな|し|,Fortune|Occupy
招,しょう|まね|,Beckon
段,だん|,Steps|Stairs
胃,い|,Stomach
腹,ふく|はら|なか|,Belly|Abdomen|Stomach
痛,つう|いた|,Pain
退,たい|しりぞ|ひ|ど|の|,Retreat|Reject
屈,くつ|かが|,Yield
悩,のう|なや|,Worry
暇,か|ひま|いとま|,Spare Time|Free Time
織,しき|しょく|お|,Weave
貸,たい|か|,Lend
迷,めい|まよ|,Astray|Lost
惑,わく|まど|,Misguided
誘,ゆう|さそ|,Invite
就,しゅう|つ|,Settle In
訪,ほう|たず|おとず|,Visit
怒,ど|おこ|いか|,Angry|Anger
昇,しょう|のぼ|,Ascend
眠,みん|ねむ|,Sleep
睡,すい|,Drowsy
症,しょう|,Symptom
締,てい|し|,Tighten
迫,はく|せま|,Urge|Compel|Coerce
靴,か|くつ|,Shoes
濃,のう|こ|,Thick
端,たん|はし|はた|,Edge
極,きょく|ごく|きわ|,Extreme
途,と|,Route
健,けん|,Healthy
康,こう|,Ease|Peace
郎,ろう|,Guy
給,きゅう|たま|,Salary
逆,ぎゃく|さか|,Reverse|Opposite
巨,きょ|,Giant
庫,こ|くら|,Storage|Warehouse
児,じ|こ|,Child
冷,れい|つめ|ひ|さ|,Cool|Cold
凍,とう|こお|こご|,Frozen
幼,よう|おさな|,Infancy|Childhood
稚,ち|,Immature
処,しょ|ところ|,Deal With
博,はく|ばく|,Exhibition|Gambling
清,せい|しょう|しん|きよ|し|,Pure
潔,けつ|いさぎよ|,Pure
録,ろく|,Record
隊,たい|,Squad
修,しゅう|おさ|,Discipline
券,けん|,Ticket
婦,ふ|,Wife
奇,き|,Odd|Strange
妙,みょう|たえ|,Strange
麗,れい|うるわ|,Lovely
微,び|かす|,Delicate
益,えき|,Benefit
移,い|うつ|,Shift
程,てい|ほど|,Extent
精,せい|,Spirit
絶,ぜつ|た|,Extinction|Die Out
並,へい|なら|なみ|,Line Up
憲,けん|,Constitution
衆,しゅう|,Populace
傘,さん|かさ|,Umbrella
浜,ひん|はま|,Beach
撃,げき|う|,Attack
攻,こう|せ|,Aggression
監,かん|,Oversee
杯,はい|,Cup Of Liquid|Counter For Cups
乾,かん|かわ|ほ|,Dry
催,さい|もよお|,Sponsor
促,そく|うなが|,Urge
欧,おう|,Europe
江,こう|え|,Inlet|Bay
請,せい|しん|しょう|う|こ|,Request
雄,ゆう|おす|,Male|Brave
韓,かん|,Korea
壊,かい|こわ|,Break
診,しん|み|,Diagnose
閣,かく|,The Cabinet|Cabinet
僚,りょう|,Colleague
積,せき|つ|,Accumulate
督,とく|,Coach
臣,しん|じん|,Servant|Retainer
略,りゃく|,Abbreviation|Abbreviate
航,こう|わたる|,Navigation
寄,き|よ|,Approach
板,はん|いた|,Board
街,がい|かい|まち|,Street
宗,しゅう|,Religion
緊,きん|,Tense
娘,むすめ|,Daughter
宴,えん|うたげ|,Banquet
怖,ふ|こわ|,Scary
恐,きょう|おそ|こわ|,Fear
添,てん|そ|,Append
猛,もう|,Fierce
烈,れつ|はげ|,Violent|Intense
索,さく|,Search
詰,きつ|きち|つ|づ|,Stuffed
詳,しょう|くわ|,Detailed
魅,み|,Alluring
渇,かつ|かわ|,Thirst
系,けい|,Lineage
婚,こん|,Marriage
遊,ゆう|あそ|,Play
旗,き|はた|,Flag
照,しょう|て|,Illuminate
快,かい|こころよ|,Pleasant
版,はん|,Edition
貧,びん|ひん|まず|,Poor
乏,ぼう|とぼ|,Scarce
適,てき|,Suitable
預,よ|あず|,Deposit
延,えん|のば|の|,Prolong
翌,よく|,The Following|Following|Next
覧,らん|,Look At
懐,かい|なつ|,Nostalgia
押,おう|お|,Push
更,こう|さら|ふ|,Again|Renew
枕,しん|まくら|,Pillow
浮,ふ|う|うわ|,Float
漏,ろう|も|,Leak
符,ふ|,Token
購,こう|,Subscription
越,えつ|こ|,Go Beyond
飾,しょく|かざ|,Decorate
騒,そう|さわ|,Boisterous
背,はい|せ|そむ|,Back|Height
撮,さつ|と|,Photograph|Photo
盗,とう|ぬす|,Steal
離,り|はな|,Detach
融,ゆう|,Dissolve
編,へん|あ|,Knit
華,か|はな|,Showy|Flower|Gorgeous
既,き|すで|,Previously
普,ふ|,Normal
豪,ごう|,Luxurious
鑑,かん|,Model
除,じょ|じ|のぞ|,Exclude|Remove
尋,じん|たず|ひろ|,Inquire
幾,き|いく|,How Many|How Much
廊,ろう|,Corridor
掃,そう|は|,Sweep
泥,でい|どろ|,Mud
棒,ぼう|,Pole|Rod|Wooden Pole
驚,きょう|おどろ|,Surprised
嘆,たん|なげ|,Sigh
倉,そう|くら|,Warehouse
孫,そん|まご|,Grandchild
巣,そう|す|,Nest
帯,たい|おび|,Belt
径,けい|,Diameter
救,きゅう|すく|,Rescue
散,さん|ち|,Scatter
粉,ふん|こな|こ|,Powder
脈,みゃく|,Vein
菜,さい|な|,Vegetable
貨,か|,Freight
陸,りく|,Land
似,ね|じ|に|,Resemble
均,きん|ひと|,Equal
墓,ぼ|はか|,Grave
富,ふ|と|とみ|,Rich
徳,とく|,Virtue
探,たん|さが|さぐ|,Look For|Search For
偵,てい|,Spy
綺,き|,Beautiful
序,じょ|つい|ついで|,Preface
迎,げい|むか|,Welcome
志,し|こころざし|,Intention
恩,おん|,Kindness
採,さい|と|,Gather
桜,おう|よう|さくら|,Sakura|Cherry Tree|Cherry Blossom
永,えい|,Eternity
液,えき|,Fluid|Liquid
眼,がん|め|,Eyeball
祖,そ|,Ancestor
績,せき|,Exploits
興,きょう|こう|,Interest
衛,えい|,Defense
複,ふく|,Duplicate
雑,ざつ|ぞう|,Random|Miscellaneous
賛,さん|,Agree
酸,さん|す|,Acid
銭,せん|ぜに|,Coin
飼,し|か|,Domesticate
傷,しょう|きず|いた|,Wound
党,とう|,Party|Group
卵,らん|たまご|,Egg
厳,げん|ごん|きび|おごそ|,Strict
捨,しゃ|す|,Throw Away
込,こ|,Crowded
密,みつ|ひそ|,Secrecy
汚,お|よご|きたな|けが|,Dirty
欲,よく|ほ|,Want
暖,だん|あたた|,Warm
机,き|つくえ|,Desk
秘,ひ|ひ|,Secret
訳,やく|わけ|,Translation|Reason
染,せん|しみ|そ|し|,Dye
簡,かん|,Simplicity
閉,へい|し|と|,Closed|Close|Closure
誌,し|,Magazine
窓,そう|まど|,Window
否,ひ|いな|いや|,No
筋,きん|すじ|,Muscle|Tendon
垂,すい|た|,Dangle|Drip
宝,ほう|たから|,Treasure
宣,せん|のたま|,Proclaim
尊,そん|とうと|たっと|,Revered
忠,ちゅう|,Loyalty
拡,かく|ひろ|,Extend
操,そう|あやつ|みさお|,Manipulate|Chastity
敬,けい|うやま|,Respect
暮,ぼ|く|,Livelihood
灰,かい|はい|,Ashes
熟,じゅく|う|,Ripen
異,い|こと|,Differ
皇,こう|,Emperor
盛,せい|じょう|も|さか|,Pile|Prosperous|Heap
砂,さ|すな|,Sand
漠,ばく|,Desert|Vague
糖,とう|,Sugar
納,のう|おさ|なっ|,Supply
肺,はい|,Lung
著,ちょ|いちじる|あらわ|,Author
蒸,じょう|む|,Steam
蔵,ぞう|くら|,Storehouse
装,そう|しょう|よそお|,Attire
裏,り|うら|,Backside|Underside|Reverse
諸,しょ|もろ|,Various
賃,ちん|,Rent
誤,ご|あやま|,Mistake
臓,ぞう|,Internal Organs
貴,き|とうと|,Valuable
降,こう|お|ふ|,Descend
丼,どん|どんぶり|,Rice Bowl
吐,と|は|つ|,Throw Up|Spit|Vomit
奴,ど|やつ|,Dude
隷,れい|,Slave
芋,いも|,Potato
縮,しゅく|ちぢ|ちじ|,Shrink
純,じゅん|,Pure
縦,じゅう|たて|,Vertical
粋,すい|いき|,Stylish
聖,せい|,Holy
磁,じ|,Magnet
紅,こう|べに|くれない|,Deep Red|Crimson
射,しゃ|い|さ|う|,Shoot
幕,まく|ばく|とばり|,Curtain
拝,はい|おが|,Worship
薦,せん|すす|,Recommend
推,すい|お|,Infer
揮,き|,Brandish
沿,えん|そ|,Run Alongside
源,げん|みなもと|,Origin
劇,げき|,Drama
勤,きん|つと|,Work
歓,かん|,Delight
承,しょう|うけたまわ|,Consent
損,そん|そこ|,Loss
枝,し|えだ|,Branch
爪,そう|つま|つめ|,Claw
豆,とう|まめ|,Beans
刻,こく|きざ|,Carve
腐,ふ|くさ|,Rot
遅,ち|おそ|おく|,Slow
彫,ちょう|ほ|,Carve
測,そく|はか|,Measure
破,は|やぶ|,Tear
舎,しゃ|,Cottage
講,こう|,Lecture
滞,たい|とどこお|,Stagnate
紹,しょう|,Introduce
介,かい|すけ|,Jammed In
己,こ|き|おのれ|,Oneself
厄,やく|,Unlucky
亀,き|かめ|,Turtle
互,ご|たが|,Mutual
剣,けん|つるぎ|,Sword
寿,じゅ|す|ことぶき|,Lifespan|Longevity
彼,ひ|かれ|かの|,He
恥,ち|は|はじ|,Shame
杉,すぎ|,Cedar
汁,じゅう|しる|,Soup
噌,そ|,Boisterous
炎,えん|ほのお|,Flame|Blaze
為,い|ため|な|す|,Sake
熊,くま|,Bear
獄,ごく|,Prison
酔,すい|よ|,Drunk
酢,さく|す|,Vinegar
鍋,か|なべ|,Pot
湖,こ|みずうみ|,Lake
銅,どう|あかがね|,Copper
払,ふつ|はら|,Pay
油,ゆ|あぶら|,Oil
醤,しょう|,Soy Sauce
旧,きゅう|,Former
姓,せい|しょう|,Surname|Family Name
貿,ぼう|,Trade
将,しょう|,Commander
盟,めい|,Alliance
遺,い|のこ|,Leave Behind
伸,しん|の|,Stretch
債,さい|,Debt
及,きゅう|およ|,Reach
奈,な|,Nara
幅,ふく|はば|,Width
廃,はい|すた|,Obsolete
甘,かん|あま|,Sweet
換,かん|か|,Exchange
摘,てき|つ|,Pluck
核,かく|,Nucleus
沖,ちゅう|おき|,Open Sea
縄,じょう|なわ|,Rope
津,しん|つ|,Haven
献,けん|こん|たてまつ|,Offer
療,りょう|,Heal
継,けい|つ|,Inherit
維,い|,Maintain
舞,ぶ|まい|ま|,Dance
伎,き|わざ|,Deed
踏,とう|ふ|,Step
般,はん|,Generally|General
頼,らい|たの|たよ|,Trust
依,い|よ|,Reliant|Dependent
鹿,ろく|か|しか|,Deer
諾,だく|,Agreement
牙,げ|きば|が|,Fang|Tusk
跳,ちょう|と|は|,Hop
昭,しょう|,Shining
漁,ぎょ|りょう|あさ|,Fishing
償,しょう|つぐな|,Reparation
刑,けい|,Punish
募,ぼ|つの|,Recruit
執,しゅう|しつ|と|,Tenacious
塁,るい|,Base|Baseball Base
崩,ほう|くず|,Crumble
患,かん|わずら|,Afflicted
戻,れい|もど|,Return
抗,こう|あらが|,Confront
抵,てい|,Resist
旬,しゅん|じゅん|,In Season|Time Of Month|Season
湾,わん|,Gulf
爆,ばく|は|,Explode
弾,だん|ひ|はず|たま|,Bullet
聴,ちょう|き|,Listen
跡,せき|あと|,Traces
遣,けん|つか|や|,Dispatch
闘,とう|たたか|,Struggle
陣,じん|,Army Base
香,こう|きょう|かお|か|,Fragrance
兆,ちょう|きざ|,Omen
臨,りん|のぞ|,Look To
削,さく|けず|,Whittle Down
契,けい|,Pledge
恵,え|けい|めぐ|,Favor
抱,ほう|だ|かか|いだ|,Hug
掲,けい|かか|,Display
狙,そ|ねら|,Aim
葬,そう|ほうむ|,Burial
需,じゅ|,Demand
齢,れい|よわい|,Age
宜,ぎ|よろ|,Best Regards
繰,そう|く|,Spin
避,ひ|さ|よ|,Dodge|Avoid
妊,にん|,Pregnant
娠,しん|,Pregnant
致,ち|いた|,Do
刊,かん|,Edition
奏,そう|かな|,Play Music
伴,はん|ともな|,Accompany
併,へい|あわ|,Join
傾,けい|かたむ|,Lean
却,きゃく|かえって|,Contrary
奥,おう|おく|,Interior
慮,りょ|おもんぱく|おもんぱか|,Consider
懸,けん|か|,Suspend
房,ぼう|ふさ|,Cluster
扱,きゅう|あつか|,Handle
抑,よく|おさ|,Suppress
択,たく|えら|,Select
描,びょう|か|えが|,Draw
盤,ばん|,Tray|Platter|Board
称,しょう|とな|たた|ほめ|,Title
緒,しょ|お|,Together
緩,かん|ゆる|,Loose
託,たく|かこ|,Consign
賄,わい|まかな|,Bribe
賂,ろ|,Bribe
贈,ぞう|おく|,Presents
逃,とう|に|のが|の|,Escape
還,かん|かえ|,Send Back
超,ちょう|こ|,Ultra|Super
邦,ほう|くに|,Home Country
鈴,りん|すず|,Buzzer|Small Bell
阜,ふ|,Mound
岐,き|ぎ|,Branch Off
隆,りゅう|,Prosperity
雇,こ|やと|,Employ
控,こう|ひか|,Abstain
壁,へき|かべ|,Wall
棋,き|ご|,Chess Piece
渋,じゅう|しぶ|,Bitter|Astringent|Reluctant
片,へん|かた|,One Sided
群,ぐん|む|むら|,Flock
仙,せん|,Hermit
充,じゅう|あ|み|,Allocate
免,めん|まぬか|,Excuse
勧,かん|すす|,Recommend
圏,けん|,Range|Sphere
埋,まい|う|,Bury
埼,き|さい|,Cape
奪,だつ|うば|,Rob
御,ご|お|,Honorable
慎,しん|つつし|,Humility
拒,きょ|こば|,Refuse|Refusal
枠,わく|,Frame
甲,こう|かん|か|,Turtle Shell|A
斐,い|,Patterned
祉,し|,Welfare
稲,いね|いな|,Rice Plant
譲,じょう|ゆず|,Defer
謙,けん|,Modesty
躍,やく|おど|,Leap
銃,じゅう|,Gun
項,こう|,Paragraph
鋼,こう|はがね|,Steel
顧,こ|かえり|,Review
駐,ちゅう|,Resident
駆,く|か|,Gallop
柱,ちゅう|はしら|,Pillar
唱,しょう|とな|,Chant
孝,こう|,Filial Piety
俊,しゅん|,Genius
兼,けん|か|,Concurrently
剤,ざい|,Dose
吹,すい|ふ|,Blow
堀,くつ|ほり|,Ditch
巡,じゅん|めぐ|,Patrol
戒,かい|いまし|,Commandment
排,はい|,Reject|Refuse
携,けい|たずさ|,Portable
敏,びん|,Alert
鋭,えい|するど|,Sharp
敷,ふ|しき|し|,Spread
殿,でん|との|どの|,Milord|Lord
犠,ぎ|,Sacrifice
獲,かく|え|,Seize
茂,も|しげ|,Luxuriant
繁,はん|しげ|,Overgrown
頻,ひん|しき|,Frequent
殖,しょく|ふ|,Multiply
薄,はく|うす|,Dilute
衝,しょう|つ|,Collide
誉,よ|ほ|,Honor
褒,ほう|ほ|,Praise
透,とう|す|,Transparent
隣,りん|となり|,Neighbor|Neighbour
雅,が|みや|,Elegant
遜,そん|したが|,Humble
伺,し|うかが|,Pay Respects
徹,てつ|,Penetrate|Clear
瀬,らい|せ|,Rapids|Shallows
撤,てつ|,Withdrawal
措,そ|,Set Aside
拠,きょ|よ|,Based On
儀,ぎ|,Ceremony
樹,じゅ|き|いつき|,Wood
棄,き|,Abandon
虎,こ|とら|,Tiger
蛍,けい|ほたる|,Firefly
蜂,ほう|はち|,Bee
酎,ちゅう|ちゅ|かも|,Sake
蜜,みつ|,Honey
墟,きょ|,Ruins
艦,かん|,Warship
潜,せん|くぐ|ひそ|もぐ|,Conceal
拳,けん|げん|こぶし|,Fist
炭,たん|すみ|,Charcoal
畑,はたけ|はた|,Field
包,ほう|つつ|くる|,Wrap
衣,い|え|ころも|きぬ|,Clothes
仁,じん|,Humanity
鉱,こう|あらがね|,Mineral
至,し|いた|,Attain
誠,せい|まこと|,Sincerity
郷,きょう|,Hometown
侵,しん|おか|,Invade
偽,ぎ|にせ|いつわ|,Fake
克,こく|,Overcome
到,とう|,Arrival
双,そう|ふた|,Pair
哲,てつ|,Philosophy
喪,そう|も|,Mourning
堅,けん|かた|,Solid
床,しょう|ゆか|とこ|,Floor|Bed
括,かつ|くく|,Fasten
弧,こ|,Arc
挑,ちょう|いど|,Challenge
掘,くつ|ほ|,Dig
揚,よう|あ|,Hoist
握,あく|にぎ|,Grip
揺,よう|ゆ|,Shake
斎,さい|いつ|,Purification
暫,ざん|しばら|,Temporarily
析,せき|,Analysis
枢,すう|からくり|,Hinge
軸,じく|,Axis
柄,へい|がら|,Pattern
泊,はく|と|,Overnight
滑,かつ|すべ|なめ|,Slippery
潟,せき|かた|,Lagoon
焦,しょう|こ|あせ|,Char
範,はん|,Example
紛,ふん|まぎ|まぐ|,Distract
糾,きゅう|,Twist
綱,こう|つな|,Cable
網,もう|あみ|,Netting
肝,かん|きも|,Liver
芝,し|しば|,Lawn
荒,こう|あ|あら|,Wild
袋,たい|ふくろ|,Sack
誰,だれ|,Who
珍,ちん|めずら|,Rare
裂,れつ|さ|,Split|Tear
襲,しゅう|おそ|,Attack
貢,こう|みつ|,Tribute
趣,しゅ|おもむき|,Gist
距,きょ|,Distance
籍,せき|,Enroll
露,ろ|ろう|つゆ|,Expose|Dew
牧,ぼく|まき|,Pasture
刷,さつ|す|,Printing
朗,ろう|ほが|,Bright
潮,ちょう|しお|,Tide
即,そく|すなわ|,Instant
垣,かき|,Hedge|Fence
威,い|,Majesty
封,ふう|ほう|,Seal|Seal In|Closing
筒,とう|つつ|,Cylinder
岳,がく|たけ|,Peak
慰,い|なぐさ|,Consolation
懇,こん|,Courteous
懲,ちょう|こ|,Chastise
摩,ま|さす|,Chafe
擦,さつ|こす|す|,Grate
撲,ぼく|,Slap
斉,せい|さい|,Simultaneous
旨,し|うま|むね|,Point|Delicious
柔,じゅう|にゅう|やわ|,Gentle
沈,ちん|しず|,Sink
沼,しょう|ぬま|,Bog
泰,たい|,Peace
滅,めつ|ほろ|,Destroy
滋,じ|,Nourishing
炉,ろ|いろり|,Furnace
琴,こと|,Harp
寸,すん|,Measurement
竜,りゅう|たつ|,Dragon
縁,えん|ねん|ふち|,Edge
翼,よく|つばさ|,Wing
吉,きつ|きち|よし|,Good Luck
刃,じん|にん|は|,Blade
忍,にん|しの|,Endure
桃,とう|もも|,Peach
辛,しん|から|つら|,Spicy
謎,なぞ|,Riddle
侍,さむらい|,Samurai
俺,おれ|,I|Me
叱,しか|,Scold
娯,ご|,Recreation
斗,と|,Ladle
朱,しゅ|あけ|,Vermillion
丘,きゅう|おか|,Hill
梨,なし|,Pear
僕,ぼく|,I|Me
匹,ひき|,Small Animal|Small Animal Counter
叫,きょう|さけ|,Shout
釣,ちょう|つ|,Fishing
髪,はつ|かみ|,Hair
嵐,あらし|,Storm
笠,かさ|,Conical Hat
涙,るい|なみだ|,Teardrop
缶,かん|,Can|Tin Can
姫,ひめ|,Princess
棚,ほう|たな|,Shelf
粒,りゅう|つぶ|,Grains
砲,ほう|,Cannon
雷,らい|かみなり|,Thunder
芽,が|め|,Sprout
塔,とう|,Tower
澄,ちょう|す|,Lucidity
矛,む|ほこ|,Spear
肌,き|はだ|,Skin
舟,しゅう|ふね|ふな|,Boat
鐘,しょう|かね|,Bell
凶,きょう|,Villain
塊,かい|かたまり|,Lump
狩,しゅ|か|,Hunt
頃,ころ|ごろ|,Approximate
魂,こん|たましい|,Soul|Spirit
脚,きゃく|あし|,Leg
也,や|なり|,Considerably
井,しょう|い|,Well
呪,じゅ|のろ|,Curse
嬢,じょう|むすめ|,Miss
暦,れき|こよみ|,Calendar
曇,くも|,Cloudy
眺,ちょう|なが|,Stare
裸,ら|はだか|,Naked|Nude
賭,か|,Gamble
疲,ひ|つか|,Exhausted
塾,じゅく|,Cram School
卓,たく|,Table
磨,ま|みが|,Polish
菌,きん|,Bacteria
陰,いん|かげ|,Shade
霊,れい|りょう|,Ghost
湿,しつ|しめ|,Damp
硬,こう|かた|,Stiff
稼,か|かせ|,Earnings
嫁,か|よめ|とつ|,Bride
溝,こう|みぞ|,Gutter
滝,たき|,Waterfall
狂,きょう|くる|,Lunatic|Crazy
翔,しょう|かけ|と|,Fly
墨,すみ|,Black Ink|Ink
鳩,く|はと|,Dove|Pigeon
穏,おん|おだ|,Calm
鈍,どん|にぶ|のろ|,Dull
魔,ま|,Devil
寮,りょう|,Dormitory
盆,ぼん|,Lantern Festival
棟,とう|,Pillar
吾,ご|わが|,I|Me
斬,ざん|き|,Slice
寧,ねい|むし|,Rather
椅,い|,Chair
歳,さい|せい|,Years Old
涼,りょう|すず|,Cool
猿,えん|さる|,Monkey
瞳,とう|どう|ひとみ|,Pupil
鍵,けん|かぎ|,Key
零,れい|こぼ|,Zero|Spill
碁,ご|,Go
租,そ|,Tariff
幽,ゆう|,Secluded
泡,ほう|あわ|,Bubbles
癖,へき|くせ|,Habit
鍛,たん|きた|,Forge
錬,れん|ね|,Tempering
穂,すい|ほ|,Head of Plant|Ear Of Plant
帝,てい|みかど|,Sovereign
瞬,しゅん|またた|,Blink
菊,きく|,Chrysanthemum
誇,こ|ほこ|,Pride
庄,しょう|,Manor
阻,そ|はば|,Thwart
黙,もく|だま|,Shut Up
俵,ひょう|たわら|,Sack
綿,めん|わた|,Cotton
架,か|か|,Shelf
砕,さい|くだ|,Smash
粘,ねん|ねば|,Sticky
粧,しょう|,Cosmetics
欺,ぎ|あざむ|,Deceit
詐,さ|いつわ|,Lie
霧,む|きり|,Fog
柳,りゅう|やなぎ|,Willow
伊,い|だ|,Italy
佐,さ|,Help
尺,しゃく|,Shaku|Japanese Foot
哀,あい|あわ|,Pathetic
唇,しん|くちびる|,Lips
塀,へい|,Fence
墜,つい|,Crash
如,じょ|ごと|,Likeness
婆,ば|ばあ|,Old Woman
崖,がい|がけ|,Cliff
帽,ぼう|,Hat
幣,へい|,Cash
恨,こん|うら|,Grudge
憎,ぞう|にく|,Hate
憩,けい|いこ|,Rest
扇,せん|おうぎ|あお|,Folding Fan
扉,ひ|とびら|,Front Door
挿,そう|さ|,Insert
掌,しょう|てのひら|,Manipulate
滴,てき|したた|しずく|,Drip
炊,すい|た|,Cook
爽,そう|さわ|,Refreshing
畳,じょう|たたみ|,Tatami Mat
瞭,りょう|,Clear
箸,ちゃく|はし|,Chopsticks
胴,どう|,Torso
芯,しん|,Wick
虹,こう|にじ|,Rainbow
帳,ちょう|とばり|,Notebook
蚊,か|,Mosquito
蛇,じゃ|へび|,Snake
貼,ちょう|は|,Paste
辱,じょく|はずかし|,Humiliate
鉢,はち|,Bowl
闇,あん|おん|やみ|,Darkness
隙,げき|すき|,Crevice
霜,しも|,Frost
飢,き|う|,Starve
餓,が|う|,Starve
畜,ちく|,Livestock
迅,じん|,Swift
騎,き|,Horse
蓄,ちく|たくわ|,Amass
尽,じん|つ|,Exhaust
彩,さい|いろど|あや|,Coloring|Colouring
憶,おく|,Recollection
溶,よう|と|,Melt
耐,たい|た|,Resistant
踊,よう|おど|,Dance
賢,けん|かしこ|,Clever
輝,き|かがや|,Radiance
脅,きょう|おど|おびや|,Threaten
麻,ま|あさ|,Hemp
灯,とう|あかり|とも|,Lamp
咲,しょう|さ|,Blossom
培,ばい|つちか|,Cultivate
悔,かい|くや|く|,Regret
脇,きょう|わき|,Armpit
遂,すい|と|つい|,Accomplish
班,はん|,Squad
塗,と|ぬ|,Paint
斜,しゃ|なな|,Diagonal
殴,おう|なぐ|,Assault
盾,じゅん|たて|,Shield
穫,かく|,Harvest
巾,きん|,Towel
駒,く|こま|,Chess Piece
紫,し|むらさき|,Purple
抽,ちゅう|,Pluck
誓,せい|ちか|,Vow
悟,ご|さと|,Comprehension
拓,たく|,Cultivation
拘,こう|かか|,Arrest
礎,そ|いしずえ|,Foundation
鶴,かく|つる|,Crane
刈,か|,Prune
剛,ごう|,Sturdy
唯,ゆい|ただ|,Solely
壇,だん|,Podium
尼,に|あま|,Nun
概,がい|おおむ|,Approximation
浸,しん|ひた|,Immersed
淡,たん|あわ|,Faint
煮,しゃ|に|,Boil
覆,ふく|おお|くつがえ|,Capsize|Cover
謀,ぼう|はか|,Conspire
陶,とう|,Pottery
隔,かく|へだ|,Isolate
征,せい|,Subjugate
陛,へい|,Highness
俗,ぞく|,Vulgar
桑,そう|くわ|,Mulberry
潤,じゅん|うるお|うる|,Watered
珠,しゅ|たま|,Pearl
衰,すい|おとろ|,Decline
奨,しょう|,Encourage
劣,れつ|おと|,Inferiority
勘,かん|,Intuition
妃,ひ|,Princess|Queen
丈,じょう|たけ|,Height|Ten Feet
峰,ほう|みね|,Summit
巧,こう|うま|たく|,Adept
邪,じゃ|よこし|,Wicked
駄,だ|た|,Burdensome
唐,とう|,China|Sudden
廷,てい|,Courts
鬱,うつ|,Gloom
鰐,わに|,Alligator
蟹,かに|,Crab
簿,ぼ|,Record Book
彰,しょう|,Clear|Patent
漫,まん|,Manga
訂,てい|,Revise
諮,し|はか|,Consult
銘,めい|,Inscription
堰,せき|えん|,Dam
堤,てい|つつみ|,Embankment
漂,ひょう|ただよ|,Drift
翻,ほん|ひるがえ|,Flip
軌,き|,Rut
后,こう|ご|きさき|,Empress
奮,ふん|ふる|,Stirred Up
亭,てい|,Restaurant
仰,ぎょう|こう|あお|,Look Up To
伯,はく|お|,Chief
偶,ぐう|たま|,Accidentally
淀,よど|,Eddy
墳,ふん|,Tomb
壮,そう|,Robust
把,は|わ|,Bundle|Grasp
搬,はん|,Transport
晶,しょう|,Crystal
洞,どう|ほら|,Cave
涯,がい|はて|,Horizon
疫,えき|,Epidemic
孔,こう|あな|,Cavity|Hole
偉,い|えら|,Greatness
頂,ちょう|いただき|いただ|,Summit|Humbly
召,しょう|め|,Call|Eat
挟,きょう|しょう|はさ|,Between
枯,こ|か|,Wither
沸,ふつ|わ|,Boil
濯,たく|すす|ゆす|そそぐ|,Wash
燥,そう|はしゃ|,Dry Up
瓶,びん|かめ|,Bottle|Jar
耕,こう|たがや|,Plow
肯,こう|がえんじ|,Agreement|Consent
脂,し|あぶら|,Fat
膚,ふ|はだ|,Skin
軒,けん|のき|,House Counter|Eaves
軟,なん|やわ|,Soft
郊,こう|,Suburbs
隅,ぐう|すみ|,Corner
隻,せき|,Ship Counter
邸,てい|やしき|,Residence
郡,ぐん|こおり|,County|District
釈,しゃく|せき|す|とく|ゆる|,Explanation
肪,ぼう|,Obese|Fat
喚,かん|わめ|,Scream|Yell
媛,えん|ひめ|,Princess|Beautiful Woman
貞,てい|さだ|,Chastity
玄,げん|くろ|,Mysterious
苗,みょう|びょう|なえ|なわ|,Seedling|Sapling
渦,か|うず|,Whirlpool
慈,じ|いつく|,Mercy
襟,きん|えり|,Collar
蓮,れん|はす|はちす|,Lotus
亮,りょう|あきらか|,Clear
聡,そう|さと|みみざと|,Wise
浦,ほ|うら|,Bay
塚,ちょう|つか|,Mound
陥,かん|おちい|おとしい|,Cave In
貫,かん|つらぬ|ぬき|ぬ|,Pierce|Sushi Counter
覇,は|はく|はたがしら|,Leadership
呂,ろ|りょ|せぼね|,Bath
茨,し|じ|いばら|,Briar|Thorn
擁,よう|,Embrace
孤,こ|,Orphan|Alone
賠,ばい|,Compensation|Compensate
鎖,さ|くさり|とざ|,Chain
噴,ふん|ふ|,Erupt
祥,しょう|きざ|さいわ|つまび|よ|,Auspicious
牲,せい|,Offering
秩,ちつ|,Order|Regularity
唆,さ|そそのか|そそ|,Instigate
膨,ぼう|ふく|,Swell
芳,ほう|かんば|,Perfume
恒,こう|つね|つねに|,Constant|Always
倫,りん|,Ethics
陳,ちん|ひ|,Exhibit
須,す|しゅ|すべから|すべし|ひげ|まつ|もち|もと|,Necessary
偏,へん|かたよ|,Biased
遇,ぐう|あ|,Treatment
糧,りょう|ろう|かて|,Provisions
殊,しゅ|こと|,Especially
慢,まん|,Ridicule|Laziness
没,ぼつ|もつ|おぼ|しず|ない|,Die
怠,たい|おこた|なま|,Lazy|Neglect
遭,そう|あ|,Encounter|Meet
惰,だ|,Lazy
猟,りょう|れふ|かり|か|,Hunting
乃,ない|すなわ|なんじ|の|,From
綾,りん|あや|,Design
颯,さつ|そう|さっ|,Quick|Sudden
隼,しゅん|じゅん|はやぶさ|,Falcon
輔,ふ|ほ|たす|すけ|,Help
寛,かん|くつろ|,Tolerance
胞,ほう|,Cell|Placenta
浄,じょう|せい|きよ|,Cleanse|Purify
随,ずい|したが|まにま|,All
稿,こう|したがき|わら|,Draft
丹,たん|に|,Rust Colored|Red
壌,じょう|つち|,Soil|Earth
舗,ほ|,Shop|Store
騰,とう|あが|のぼ|,Inflation
緯,い|ぬき|よこいと|,Latitude
艇,てい|,Rowboat
披,ひ|,Expose
錦,きん|にしき|,Brocade
准,じゅん|,Semi
剰,じょう|あまつさえ|あま|,Surplus
繊,せん|,Fiber|Slender
諭,ゆ|さと|,Admonish
惨,さん|ざん|みじ|いた|むご|,Disaster
虐,ぎゃく|しいた|,Oppress
据,きょ|す|,Install
徐,じょ|おもむ|,Gently|Gentle
搭,とう|,Board|Embark
蒙,もう|ぼう|おお|くら|こうむ|,Darkness
鯉,り|こい|,Carp|Koi
戴,たい|いただ|,Receive
緋,ひ|あか|あけ|,Scarlet
曙,しょ|あけぼの|,Dawn
胡,こ|う|ご|なんぞ|きゅう|,Barbarian
瓜,か|け|うり|,Melon
帥,すい|,Commander
啓,けい|さと|ひら|,Enlighten
葵,き|あおい|,Hollyhock
駿,しゅん|すん|すぐ|,Speed
諒,りょう|あきら|まことに|,Comprehend|Reality
莉,り|れい|らい|,Jasmine
鯨,げい|くじら|,Whale
荘,そう|しょう|ちゃん|あごそ|ほうき|,Villa
栽,さい|,Planting
拐,かい|,Kidnap
冠,かん|かんむり|,Crown|Cap
勲,くん|いさお|,Merit
酬,しゅう|しゅ|とう|むく|,Repay
紋,もん|,Family Crest
卸,しゃ|おろし|おろ|,Wholesale
欄,らん|てすり|,Column|Space
逸,いつ|そ|はぐ|,Deviate|Elude
尚,しょう|なお|,Furthermore|Esteem
顕,けん|あきらか|あらわ|,Appear|Exist
粛,しゅく|すく|つつし|,Solemn
愚,ぐ|おろ|,Foolish
庶,しょ|,All|Bastard
践,せん|ふ|,Practice|Trample
呈,てい|,Present|Display
疎,そ|しょ|うと|まば|,Neglect|Sparse
疾,しつ|はや|,Rapidly|Rapid
謡,よう|うた|,Noh Chanting|Noh Chant
鎌,けん|れん|かま|,Sickle|Scythe
酷,こく|ひど|,Cruel|Unjust
叙,じょ|つい|ついで|,Describe
且,しょ|しょう|そ|か|,Also
痴,ち|おろか|し|,Stupid
呆,ほう|あき|おろか|ほけ|ぼ|,Shock
哺,ほ|ほぐく|ふく|,Nurse|Suckle
傲,ごう|あなど|おご|,Proud
茎,きょう|けい|くき|,Stem
阿,あ|お|おもね|くま|,Flatter
悠,ゆう|,Leisure
杏,あん|きょう|こう|あんず|,Apricot
茜,せん|あかね|,Red Dye
栞,かん|しおり|,Bookmark
伏,ふく|ふ|,Bow|Lay
鎮,ちん|おさえ|しず|,Tranquilize
奉,ほう|ぶ|たてまつ|まつ|ほう|,Dedicate
憂,ゆう|う|うれ|,Grief
朴,ぼく|えのき|ほう|ほお|,Simple|Crude
栃,とち|,Horse Chestnut
惜,せき|お|,Frugal
佳,か|,Excellent|Skilled
悼,とう|いた|,Grieve|Mourn
該,がい|,The Above|That Specifically
赴,ふ|おもむ|,Proceed|Move On
髄,ずい|,Marrow|Bone Marrow
傍,ぼう|かたわ|わき|おか|はた|そば|,Nearby|Side
累,るい|,Accumulate
癒,ゆ|い|いや|,Healing|Cure
郭,かく|くるわ|,Enclosure
尿,にょう|,Urine|Pee
賓,ひん|,VIP|Guest
虜,りょ|ろ|とりく|とりこ|,Captive
憾,かん|うら|,Remorse|Regret
弥,び|み|や|,Increasing
粗,そ|あら|,Coarse|Rough
循,じゅん|,Circulation|Sequential
凝,ぎょう|こ|こご|,Congeal|Freeze|Absorbed In
脊,せき|せ|せい|,Stature|Height
昌,しょう|さかん|,Prosperous|Prosperity
旦,たん|だん|あきら|あき|あさ|あした|ただし|,Dawn
愉,ゆ|たの|,Pleasant
抹,まつ|,Erase
栓,せん|,Cork|Plug
之,し|これ|の|,This
龍,りゅう|りょう|ろう|たつ|,Imperial|Dragon
遼,りょう|,Distant
瑛,えい|,Crystal
那,な|だ|いかん|なに|なんぞ|,What
拍,はく|ひょう|,Beat
猶,ゆう|ゆ|なお|,Still|Yet
宰,さい|,Manager
寂,じゃく|せき|さび|さみ|,Lonely
縫,ほう|ぬ|,Sew
呉,ご|くれ|く|,Give
凡,ぼん|はん|おうよ|およ|すべ|,Mediocre
恭,きょう|うやうや|,Respect
錯,さく|しゃく|,Confused|Mixed
穀,こく|,Grain
陵,りょう|みささぎ|,Mausoleum|Tomb
弊,へい|,Evil
舶,はく|,Ship
窮,きゅう|きょう|きわ|,Destitute
悦,えつ|よろこ|,Delight|Joy
縛,ばく|しば|,Bind|Restrain
轄,かつ|くさび|,Control
弦,げん|つる|,Chord|Bowstring
窒,ちつ|,Suffocate
洪,こう|,Flood
摂,せつ|しょう|おさ|かね|と|,In Addition
飽,ほう|あ|,Bored|Sated
紳,しん|,Gentleman
庸,よう|,Common
靖,じょう|せい|やす|,Peaceful
嘉,か|よい|よみ|,Esteem|Praise
搾,さく|しぼ|,Squeeze
蝶,ちょう|,Butterfly
碑,ひ|いしぶみ|,Tombstone
尉,い|じょう|,Military Officer|Military Rank
凛,りん|きびし|,Cold
匠,しょう|たくみ|,Artisan
遥,よう|はる|,Far Off|Far Away
智,ち|とも|,Wisdom
柴,さい|し|しば|,Brushwood|Firewood
賊,ぞく|,Robber
鼓,こ|つづみ|,Drum|Beat
旋,せん|,Rotation|Revolution
腸,ちょう|はらわた|,Intestines
槽,そう|ふね|,Tank|Vat
伐,ばつ|う|き|そむ|,Fell|Attack
漬,し|つ|,Pickle
坪,へい|つぼ|,Two Mat Area
紺,こん|,Navy|Dark Blue
羅,ら|うすもの|,Spread Out|Arrange
峡,きょう|こう|はざま|,Ravine
俸,ほう|,Salary
醸,じょう|かも|,Brew
弔,ちょう|とぶら|とむら|,Condolence
乙,おつ|いつ|おと|きのと|,Latter|B
遍,へん|あまね|,Universal
衡,こう|,Equilibrium
款,かん|,Article|Sincerity
閲,えつ|けみ|,Inspection
喝,かつ|,Scold
敢,かん|あ|,Daring
膜,まく|,Membrane
盲,もう|めくら|,Blind
胎,たい|,Womb|Uterus
酵,こう|,Fermentation|Ferment
堕,だ|お|くず|,Degenerate
遮,しゃ|さえぎ|,Intercept
烏,うお|からす|,Crow
凸,とつ|でこ|,Convex|Uneven
凹,おう|くぼ|へこ|ぼこ|,Concave|Hollow
楓,ふう|かえで|,Maple
哉,さい|や|かな|,Question Mark|?
蒼,そう|あお|,Pale|Blue
瑠,る|りゅう|,Lapis Lazuli
萌,ほう|きざ|めばえ|も|,Sprout
硫,りゅう|,Sulfur|Sulphur
赦,しゃ|,Pardon
窃,せつ|ぬす|ひそ|,Steal
慨,がい|,Sigh
扶,ふ|たす|,Aid
戯,ぎ|げ|ざ|じゃ|たわむ|,Play
忌,き|い|,Mourning
濁,だく|じょく|にご|,Muddy|Impure
奔,ほん|はし|,Run|Bustle
肖,しょう|あやか|,Resemblance
朽,きゅう|く|,Rot|Decay
殻,かく|こく|ばい|から|がら|,Husk|Shell
享,きょう|こう|う|,Receive
藩,はん|,Fiefdom
媒,ばい|なこうど|,Mediator
鶏,けい|とり|にわとり|,Chicken
嘱,しょく|しょく|たの|,Request|Entrust
迭,てつ|,Alternate
椎,つい|すい|う|つち|,Oak|Oak Tree
絹,けん|きぬ|,Silk
陪,ばい|,Accompany
剖,ぼう|,Divide
譜,ふ|,Genealogy|Score
淑,しゅく|しと|,Graceful
帆,はん|ほ|,Sail
憤,ふん|いきどお|,Resent
酌,しゃく|く|,Serve
暁,きょう|ぎょう|あかつき|さと|,Dawn
傑,けつ|すぐ|,Greatness|Excellence
錠,じょう|,Lock
凌,りょう|しの|,Endure
瑞,すい|ずい|みず|しるし|,Congratulations
菅,かん|けん|すげ|すが|,Sedge
漣,れん|らん|さざなみ|,Ripples
璃,り|,Glassy
遷,せん|うつ|みやこがえ|,Transition
拙,せつ|つたな|,Clumsy|Unskillful
峠,とうげ|,Ridge
篤,とく|あつ|,Deliberate
叔,しゅく|お|,Uncle|Aunt
雌,し|めす|め|めん|,Female
堪,かん|たん|た|こた|こ|,Endure
吟,ぎん|,Recital
甚,じん|はなは|,Very|Great
崇,すう|あが|,Worship|Revere
漆,しつ|うるし|,Lacquer|Varnish
岬,こう|みさき|,Cape
紡,ぼう|つむ|,Spinning|Spin
礁,しょう|,Reef
屯,とん|,Barracks
姻,いん|,Marry
擬,ぎ|まが|もど|,Imitate
睦,ぼく|もく|むつ|,Friendly
閑,かん|,Leisure
曹,そう|ぞう|つかさ|ともがら|へや|,Official
詠,えい|よ|うた|,Compose|Recite
卑,ひ|いや|,Lowly|Base
侮,ぶ|あなず|あなど|,Despise
鋳,ちゅう|い|,Cast|Casting
蔑,べつ|さげす|,Scorn|Neglect
胆,たん|きも|,Guts
浪,ろう|,Wander
禍,か|わざわい|,Evil|Misfortune
酪,らく|,Dairy
憧,しょう|とう|どう|あこが|,Long For|Yearn
慶,けい|よろこ|,Congratulate
亜,あ|つ|,Asia
汰,た|たい|おご|にご|よな|,Select
梓,し|あずさ|,Wood Block
沙,さ|しゃ|すな|よなげる|,Sand
逝,せい|い|ゆ|,Die
匿,とく|かくま|,Hide
寡,か|,Widow
痢,り|,Diarrhea|Diarrhoea
坑,こう|,Pit|Hole
藍,らん|あい|,Indigo
畔,はん|あぜ|くろ|ほとり|,Shore
唄,ばい|うた|,Shamisen Song
拷,ごう|,Torture
渓,けい|たに|たにがわ|,Valley
廉,れん|,Bargain
謹,きん|つつし|,Humble|Discreet
湧,ゆう|ゆ|よう|わ|,Well|Boil
醜,しゅう|しこ|みにく|,Ugly
升,しょう|ます|,Grid|Measure
殉,じゅん|,Martyr
煩,はん|ぼん|うるさ|わずら|,Annoy|Annoying
劾,がい|,Censure
桟,さん|せん|かけはし|,Jetty|Pier
婿,せい|むこ|,Groom
慕,ぼ|した|,Yearn For|Adore
罷,ひ|や|,Quit|Leave
矯,きょう|た|,Correct|Straighten
某,ぼう|それがし|なにがし|,Certain|One|That Person
囚,しゅう|とら|,Criminal
泌,ひ|ひつ|,Secrete
漸,ぜん|ようや|やや|,Gradually|Steadily
藻,そう|も|,Seaweed
妄,もう|ぼう|みだ|,Reckless
蛮,ばん|えびす|,Barbarian
倹,けん|つづまやか|つま|,Thrifty|Frugal
狐,こ|きつね|,Fox
匂,にお|,Scent|Fragrance
嬉,き|うれ|,Glad|Happy
嘘,うそ|,Lie
串,くし|,Skewer|Spit
喉,こう|のど|,Throat
叩,こう|たた|,Strike|Beat
飴,あめ|,Candy
噂,うわさ|そん|,Rumor|Gossip
諦,てい|あきら|,Give Up|Abandon
捉,とら|そく|,Catch
膝,ひざ|,Knee
眉,み|まゆ|,Eyebrows
濡,ぬ|,Wet|Damp
痩,そう|や|,Thin
羨,せん|うらや|,Envy|Jealousy
慌,こう|あわ|,Confused|Bewildered
挨,あい|,Push Open
拶,さつ|,Draw Close|Be Imminent
斤,きん|,Axe|Bread Loaf Counter
袖,しゅう|そで|,Sleeve
凄,せい|すご|,Amazing|Wonderful|Terrible|Awful